,name,gae,cuda,seed,gamma,device,gym_id,ent_coef,exp_name,kle_stop,norm_adv,norm_obs,obs_clip,rew_clip,value_lr,anneal_lr,clip_coef,policy_lr,prod_mode,target_kl,batch_size,clip_vloss,gae_lambda,kle_rollback,norm_returns,wandb_entity,weights_init,capture_video,max_grad_norm,update_epochs,episode_length,minibatch_size,pol_layer_norm,total_timesteps,features_turned_on,wandb_project_name,torch_deterministic,invalid_action_penalty,losses/entropy,charts/policy_learning_rate,stats/num_invalid_action_ownership,video.0,losses/value_loss,stats/num_invalid_action_busy_unit,charts/value_learning_rate,evals/charts/episode_reward,stats/num_invalid_action_null,evals/stats/num_invalid_action_null,evals/stats/num_invalid_action_ownership,_wandb,_timestamp,charts/episode_reward,charts/episode_reward/ResourceGatherRewardFunction,losses/approx_kl,losses/policy_loss,evals/stats/num_invalid_action_busy_unit,_step,_runtime,global_step,first_learned_timestep,first_reward_timestep,evals_first_learned_timestep,evals_first_reward_timestep
0,MicrortsMining24x24F9-v0__CO-IAM__3__1670997619,True,True,3,0.99,cuda:0,MicrortsMining24x24F9-v0,0.0,CO-IAM,False,True,True,10,10,0.0003,True,0.2,0.0003,True,0.015,2048,True,0.97,False,False,,orthogonal,True,0.5,10,0,256,False,1000000,5,invalid-action-masking,True,,0.3651861846446991,0,0.0,"{'path': 'media/videos/video.0_19_f4d1021e18a70ac529ad.mp4', 'size': 33566, '_type': 'video-file', 'sha256': 'f4d1021e18a70ac529ad8557e8f7705605a0716cf13275631aa1cf20881004dc'}",5.376496315002441,0.0,0,1.399999976158142,0.0,197.45,0.6199999995529651,{'runtime': 11939},1671009558.681756,36.3,400.0,0.003940134652657435,0.01954445242881775,0.0,5398,11937,1001472,0.173832,0.0008,0.0,0.0008
1,MicrortsMining24x24F9-v0__CO-IAM__4__1670996153,True,True,4,0.99,cuda:1,MicrortsMining24x24F9-v0,0.0,CO-IAM,False,True,True,10,10,0.0003,True,0.2,0.0003,True,0.015,2048,True,0.97,False,False,,orthogonal,True,0.5,10,0,256,False,1000000,5,invalid-action-masking,True,,0.3650168478488922,0,0.0,"{'path': 'media/videos/video.0_19_f7c6bd3f0de7ab4bf895.mp4', 'size': 39751, '_type': 'video-file', 'sha256': 'f7c6bd3f0de7ab4bf895a3760d8c7e09d373aa7ccdb53ee9d8b229941f085548'}",6.4740071296691895,0.0,0,33.0,12.6,131.12000122070313,0.0,{'runtime': 11589},1671007742.884307,33.9,340.0,0.01438820434268564,0.009080041199922562,0.0,5398,11588,1001472,0.0,0.0002,0.0,0.0002
2,MicrortsMining16x16F9-v0__CO-IAM__3__1670986670,True,True,3,0.99,cuda:0,MicrortsMining16x16F9-v0,0.0,CO-IAM,False,True,True,10,10,0.0003,True,0.2,0.0003,True,0.015,2048,True,0.97,False,False,,orthogonal,True,0.5,10,0,256,False,1000000,5,invalid-action-masking,True,,0.3351317048072815,0,0.0,"{'_type': 'video-file', 'sha256': '458c5346ad314fda1c0e13e66c477d40f97ecfc3460de6867797c6d28764d16c', 'path': 'media/videos/video.0_19_458c5346ad314fda1c0e.mp4', 'size': 37367}",5.902651309967041,0.0,0,30.399999618530273,43.2,133.98999938964843,0.0,{'runtime': 10928},1670997598.8595023,39.3,400.0,0.009005994466133416,0.04713743180036545,0.0,5398,10926,1001472,0.057096,0.0008,0.0,0.0008
3,MicrortsMining16x16F9-v0__CO-IAM__4__1670985498,True,True,4,0.99,cuda:1,MicrortsMining16x16F9-v0,0.0,CO-IAM,False,True,True,10,10,0.0003,True,0.2,0.0003,True,0.015,2048,True,0.97,False,False,,orthogonal,True,0.5,10,0,256,False,1000000,5,invalid-action-masking,True,,0.4578876197338104,0,0.0,"{'path': 'media/videos/video.0_19_fff69680bd8f7a56d57f.mp4', 'size': 37402, '_type': 'video-file', 'sha256': 'fff69680bd8f7a56d57f0b1edfb49991799f2362ff48f5a6517d69f782e1b2d0'}",5.247108459472656,0.0,0,33.0,9.3,133.51000061035157,0.0,{'runtime': 10620},1670996123.2802217,39.3,400.0,0.008733627706533298,0.031850915402173996,0.0,5398,10622,1001472,0.058744,0.0002,0.0,0.0002
4,MicrortsMining10x10F9-v0__CO-IAM__3__1670976347,True,True,3,0.99,cuda:0,MicrortsMining10x10F9-v0,0.0,CO-IAM,False,True,True,10,10,0.0003,True,0.2,0.0003,True,0.015,2048,True,0.97,False,False,,orthogonal,True,0.5,10,0,256,False,1000000,5,invalid-action-masking,True,,0.3786257803440094,0,0.0,"{'path': 'media/videos/video.0_19_1d41781dba6aa241059e.mp4', 'size': 34473, '_type': 'video-file', 'sha256': '1d41781dba6aa241059e794915d40e3c16ee3d5eb13323fcbb93b9e3c375f4d8'}",6.172201156616211,0.0,0,33.0,35.3,129.73999938964843,0.020000000298023225,{'runtime': 10300},1670986648.1570935,39.3,400.0,0.006760485115228221,0.0697082057595253,0.0,5398,10299,1001472,0.0528,0.0008,0.0,0.0008
5,MicrortsMining10x10F9-v0__CO-IAM__4__1670975147,True,True,4,0.99,cuda:1,MicrortsMining10x10F9-v0,0.0,CO-IAM,False,True,True,10,10,0.0003,True,0.2,0.0003,True,0.015,2048,True,0.97,False,False,,orthogonal,True,0.5,10,0,256,False,1000000,5,invalid-action-masking,True,,0.33559080958366394,0,0.0,"{'path': 'media/videos/video.0_19_d03c4edfadc0d71fbc1c.mp4', 'size': 34975, '_type': 'video-file', 'sha256': 'd03c4edfadc0d71fbc1c4bd8258ace195c6ff69404da7be505cea0ebc2e83955'}",4.901001930236816,0.0,0,33.0,6.7,133.9,0.010000000149011612,{'runtime': 10319},1670985467.248376,39.3,400.0,0.011361750465584918,0.0008202716708183289,0.0,5398,10318,1001472,0.047704,0.0002,0.0,0.0002
6,MicrortsMining4x4F9-v0__CO-IAM__3__1670966851,True,True,3,0.99,cuda:0,MicrortsMining4x4F9-v0,0.0,CO-IAM,False,True,True,10,10,0.0003,True,0.2,0.0003,True,0.015,2048,True,0.97,False,False,,orthogonal,True,0.5,10,0,256,False,1000000,5,invalid-action-masking,True,,0.28691282868385315,0,0.0,"{'path': 'media/videos/video.0_19_266141b95fbad80774d6.mp4', 'size': 25283, '_type': 'video-file', 'sha256': '266141b95fbad80774d64cd06c01bf1e37a59820f11e603d468d193190a22a15'}",5.948136329650879,0.0,0,18.399999618530273,0.0,0.0,148.69000091552735,{'runtime': 9472},1670976323.5666952,39.3,400.0,-0.00441530593088828,0.05992187559604645,0.0,5398,9470,1001472,0.043408,0.0004,0.0,0.0004
7,MicrortsMining4x4F9-v0__CO-IAM__4__1670966049,True,True,4,0.99,cuda:1,MicrortsMining4x4F9-v0,0.0,CO-IAM,False,True,True,10,10,0.0003,True,0.2,0.0003,True,0.015,2048,True,0.97,False,False,,orthogonal,True,0.5,10,0,256,False,1000000,5,invalid-action-masking,True,,0.2746303081512451,0,0.0,"{'path': 'media/videos/video.0_19_a06c840321c38685e1d6.mp4', 'size': 36249, '_type': 'video-file', 'sha256': 'a06c840321c38685e1d64ea9a1e38d131bad47d0167e00f971f9947a061218b6'}",5.321020603179932,1.1,0,33.0,0.0,0.020000000298023225,132.71000213623046,{'runtime': 9072},1670975122.0492034,39.3,400.0,0.018125091458205133,0.025953933596611023,0.0,5398,9071,1001472,0.035816,0.0002,0.0,0.0002
8,MicrortsMining24x24F9-v0__CO-IAM__1__1670954954,True,True,1,0.99,cuda:0,MicrortsMining24x24F9-v0,0.0,CO-IAM,False,True,True,10,10,0.0003,True,0.2,0.0003,True,0.015,2048,True,0.97,False,False,,orthogonal,True,0.5,10,0,256,False,1000000,5,invalid-action-masking,True,,0.3798672556877136,0,0.0,"{'path': 'media/videos/video.0_19_9ef57fa4494a31cb7b78.mp4', 'size': 40873, '_type': 'video-file', 'sha256': '9ef57fa4494a31cb7b780e152b1ba7b9e4fe4f04fcc8d03d270394bd97887ecc'}",5.014307975769043,0.0,0,33.0,0.3,133.31000061035155,0.0,{'runtime': 11875},1670966830.0910428,39.3,400.0,0.008185471425531433,0.01900620013475418,0.0,5398,11874,1001472,0.138216,0.0002,0.0,0.0002
9,MicrortsMining24x24F9-v0__CO-IAM__2__1670954248,True,True,2,0.99,cuda:1,MicrortsMining24x24F9-v0,0.0,CO-IAM,False,True,True,10,10,0.0003,True,0.2,0.0003,True,0.015,2048,True,0.97,False,False,,orthogonal,True,0.5,10,0,256,False,1000000,5,invalid-action-masking,True,,0.36138081550598145,0,0.0,"{'path': 'media/videos/video.0_19_ab6921ce40c56550d117.mp4', 'size': 40447, '_type': 'video-file', 'sha256': 'ab6921ce40c56550d117fa6034ca5633b6c78e59d002c5d2196a266dc72b14ac'}",4.655180931091309,7.0,0,33.0,77.5,134.54000091552734,0.0,{'runtime': 11779},1670966027.963524,39.3,400.0,-0.005630629684310407,-0.023146936669945717,0.0,5398,11777,1001472,0.091912,0.0008,0.0,0.0008
10,MicrortsMining16x16F9-v0__CO-IAM__1__1670943980,True,True,1,0.99,cuda:0,MicrortsMining16x16F9-v0,0.0,CO-IAM,False,True,True,10,10,0.0003,True,0.2,0.0003,True,0.015,2048,True,0.97,False,False,,orthogonal,True,0.5,10,0,256,False,1000000,5,invalid-action-masking,True,,0.3461012840270996,0,0.0,"{'sha256': 'a2172210132d4040768da78951369db8551f5aedc7a063ff16193ee1fbddc88d', 'path': 'media/videos/video.0_19_a2172210132d4040768d.mp4', 'size': 38676, '_type': 'video-file'}",4.796993255615234,0.0,0,33.0,74.0,131.6500030517578,0.0,{'runtime': 10953},1670954932.9878347,39.3,400.0,-0.0027816914720460773,0.018331915140151978,0.0,5398,10950,1001472,0.065736,0.0004,0.0,0.0004
11,MicrortsMining16x16F9-v0__CO-IAM__2__1670943686,True,True,2,0.99,cuda:1,MicrortsMining16x16F9-v0,0.0,CO-IAM,False,True,True,10,10,0.0003,True,0.2,0.0003,True,0.015,2048,True,0.97,False,False,,orthogonal,True,0.5,10,0,256,False,1000000,5,invalid-action-masking,True,,0.388703852891922,0,0.0,"{'size': 39208, '_type': 'video-file', 'sha256': 'ee157dc4fb3949bb81c25dff1da03da6b80116cd7c25c8cd3511d7212ccdc8ce', 'path': 'media/videos/video.0_19_ee157dc4fb3949bb81c2.mp4'}",4.421465873718262,0.0,0,32.599998474121094,93.3,134.2,0.0,{'runtime': 10542},1670954228.940156,39.3,400.0,-0.003259700271883048,-0.0344860777258873,0.0,5398,10540,1001472,0.066936,0.0008,0.0,0.0008
12,MicrortsMining10x10F9-v0__CO-IAM__1__1670933571,True,True,1,0.99,cuda:0,MicrortsMining10x10F9-v0,0.0,CO-IAM,False,True,True,10,10,0.0003,True,0.2,0.0003,True,0.015,2048,True,0.97,False,False,,orthogonal,True,0.5,10,0,256,False,1000000,5,invalid-action-masking,True,,0.5370373129844666,0,0.0,"{'size': 34985, '_type': 'video-file', 'sha256': 'b82924a26c3ba2bc6834c081f404c5bb1ad1fe7371dbacd7aba3c62e1c6884d3', 'path': 'media/videos/video.0_19_b82924a26c3ba2bc6834.mp4'}",4.362290382385254,0.0,0,33.0,23.9,131.5500030517578,0.0,{'runtime': 10388},1670943960.4881067,39.3,400.0,0.01935844332911074,-0.01367802917957306,0.0,5398,10388,1001472,0.063888,0.0004,0.0,0.0004
13,MicrortsMining10x10F9-v0__CO-IAM__2__1670933410,True,True,2,0.99,cuda:1,MicrortsMining10x10F9-v0,0.0,CO-IAM,False,True,True,10,10,0.0003,True,0.2,0.0003,True,0.015,2048,True,0.97,False,False,,orthogonal,True,0.5,10,0,256,False,1000000,5,invalid-action-masking,True,,0.31287530064582825,0,0.0,"{'sha256': '9f501f2a213984b64d088ca66a381a89f9d0605f7a95c7bbc07990f43ef752f0', 'path': 'media/videos/video.0_19_9f501f2a213984b64d08.mp4', 'size': 34554, '_type': 'video-file'}",4.4717512130737305,0.0,0,33.0,117.0,132.35999908447266,0.0,{'runtime': 10254},1670943665.3471632,39.3,400.0,0.0006456579139921814,-0.04393748939037323,0.0,5398,10253,1001472,0.053848,0.0004,0.0,0.0004
14,MicrortsMining4x4F9-v0__CO-IAM__1__1670924210,True,True,1,0.99,cuda:0,MicrortsMining4x4F9-v0,0.0,CO-IAM,False,True,True,10,10,0.0003,True,0.2,0.0003,True,0.015,2048,True,0.97,False,False,,orthogonal,True,0.5,10,0,256,False,1000000,5,invalid-action-masking,True,,0.4384176433086395,0,0.0,"{'path': 'media/videos/video.0_19_b7ace206b24122d74dfb.mp4', 'size': 32656, '_type': 'video-file', 'sha256': 'b7ace206b24122d74dfb6d950cf1f756f81b9c6959036f9c56a206388532b824'}",4.388755798339844,0.0,0,1.100000023841858,0.0,1.0,196.28999938964844,{'runtime': 9340},1670933550.4648304,36.1,400.0,-0.018731343539548105,0.00827394612133503,0.0,5398,9339,1001472,0.048104,0.0004,0.0,0.0004
15,MicrortsMining4x4F9-v0__CO-IAM__2__1670924156,True,True,2,0.99,cuda:1,MicrortsMining4x4F9-v0,0.0,CO-IAM,False,True,True,10,10,0.0003,True,0.2,0.0003,True,0.015,2048,True,0.97,False,False,,orthogonal,True,0.5,10,0,256,False,1000000,5,invalid-action-masking,True,,0.32580211758613586,0,0.0,"{'sha256': 'ef25c3588425cf6ef1c6516dee14c54372c3dfc685d255d5fd2080cc965b1238', 'path': 'media/videos/video.0_19_ef25c3588425cf6ef1c6.mp4', 'size': 35880, '_type': 'video-file'}",4.191492080688477,0.0,0,33.0,0.0,0.05000000074505806,132.6700012207031,{'runtime': 9234},1670933390.9844954,39.3,400.0,0.019997734494972975,-0.055170733481645584,0.0,5398,9232,1001472,0.039512,0.0002,0.0,0.0002
16,MicrortsMining10x10F9-v0__On-PIAM__1__1670738613,True,True,1,0.99,cpu,MicrortsMining10x10F9-v0,0.015,On-PIAM,False,True,True,10,10,0.0003,True,0.2,0.0003,True,0.015,2048,True,0.97,False,False,,orthogonal,True,0.5,10,0,256,False,1000000,5,invalid-action-masking,True,,1.0833932161331177,0,0.0,"{'path': 'media/videos/video.0_19_8121025a282766c8e162.mp4', 'size': 26662, '_type': 'video-file', 'sha256': '8121025a282766c8e1629962b9b1856449a74d277cd3f82178020207ca4ace27'}",6.1438493728637695,8.7,0,0.800000011920929,0.0,191.33999938964843,6.559999990463257,{'runtime': 10086},1670748698.9549675,35.5,395.0,-1.8751544894257675e-05,0.06979956477880478,0.0,5398,10084,1001472,0.04236,0.0002,0.0,0.0002
17,MicrortsMining10x10F9-v0__Off-PIAM__1__1670717937,True,True,1,0.99,cpu,MicrortsMining10x10F9-v0,0.015,Off-PIAM,False,True,True,10,10,0.0003,True,0.2,0.0003,True,0.015,2048,True,0.97,False,False,,orthogonal,True,0.5,10,0,256,False,1000000,5,invalid-action-masking,True,,1.0602593421936035,0,0.0,"{'path': 'media/videos/video.0_19_a331a5fc7026f89909ea.mp4', 'size': 39356, '_type': 'video-file', 'sha256': 'a331a5fc7026f89909ea0bd00d1b23cd1faf19b2d093dd881c0fdd665d7dd969'}",5.346350193023682,10.6,0,38.900001525878906,0.0,9.84000005722046,2.3700000286102294,{'runtime': 20651},1670738592.7631311,39.6,396.0,0.016449062805622815,0.009916570037603378,5.090000033378601,5398,20654,1001472,0.068184,0.0002,0.079872,0.0002
18,MicrortsMining24x24F9-v0__Off-PIAM__4__1670681182,True,True,4,0.99,cpu,MicrortsMining24x24F9-v0,0.03,Off-PIAM,False,True,True,10,10,0.0003,True,0.2,0.0003,True,0.015,2048,True,0.97,False,False,,orthogonal,True,0.5,10,0,256,False,1000000,5,invalid-action-masking,True,,1.1227397918701172,0,0.0,"{'_type': 'video-file', 'sha256': 'f1d21d61416f5473880e37c3e80c052baee7414ebbf3b6e04a114d66c153951d', 'path': 'media/videos/video.0_19_f1d21d61416f5473880e.mp4', 'size': 44301}",4.5816521644592285,10.7,0,33.400001525878906,0.1,15.850000190734864,0.0,{'runtime': 13291},1670694476.040971,33.6,337.0,0.014707384072244168,-0.0904655009508133,7.17000002861023,5398,13292,1001472,0.157896,0.0006,0.0,0.0006
19,MicrortsMining24x24F9-v0__Penalty__4__1670670373,True,True,4,0.99,cuda:1,MicrortsMining24x24F9-v0,0.03,Penalty--0.01,False,True,True,10,10,0.0003,True,0.2,0.0003,True,0.015,2048,True,0.97,False,False,,orthogonal,True,0.5,10,0,256,False,1000000,5,invalid-action-masking,True,-0.01,2.7222843170166016,0,1.8,"{'_type': 'video-file', 'sha256': 'e6ad79fe3c81e3480336fb18066b223096f2341180158d73fad64c70267efc70', 'path': 'media/videos/video.0_14_e6ad79fe3c81e3480336.mp4', 'size': 33766}",0.007485534064471722,0.0,0,,195.8,,,{'runtime': 6446},1670676824.7826638,1.0,,8.668762748129666e-05,0.04713401570916176,,5393,6449,1001472,0.0,0.010192,,
20,MicrortsMining16x16F9-v0__Off-PIAM__4__1670668440,True,True,4,0.99,cpu,MicrortsMining16x16F9-v0,0.02,Off-PIAM,False,True,True,10,10,0.0003,True,0.2,0.0003,True,0.015,2048,True,0.97,False,False,,orthogonal,True,0.5,10,0,256,False,1000000,5,invalid-action-masking,True,,1.0966426134109497,0,0.0,"{'path': 'media/videos/video.0_19_27d8901e399baead447a.mp4', 'size': 41031, '_type': 'video-file', 'sha256': '27d8901e399baead447a7665cb0ccdaf8bdcec5221666dc32960117724c00025'}",3.921930313110352,1.8,0,39.29999923706055,0.0,8.169999980926514,1.1700000166893005,{'runtime': 12721},1670681162.0167758,39.4,394.0,0.0107858095318079,-0.06226259842514992,1.630000001192093,5398,12721,1001472,0.086016,0.0002,0.411648,0.0002
21,MicrortsMining24x24F9-v0__On-PIAM__4__1670654174,True,True,4,0.99,cpu,MicrortsMining24x24F9-v0,0.03,On-PIAM,False,True,True,10,10,0.0003,True,0.2,0.0003,True,0.015,2048,True,0.97,False,False,,orthogonal,True,0.5,10,0,256,False,1000000,5,invalid-action-masking,True,,1.1388664245605469,0,0.0,"{'path': 'media/videos/video.0_19_a65946931e210f507dc4.mp4', 'size': 35207, '_type': 'video-file', 'sha256': 'a65946931e210f507dc43210b234bb65269fbdcd0d9b0aded2d75a9f3c320b5e'}",3.424351215362549,2.7,0,1.0,0.0,196.1000015258789,1.699999988079071,{'runtime': 12831},1670667005.0881844,31.9,353.0,4.771114618051797e-07,-0.11981572210788728,0.0,5398,12830,1001472,0.076176,0.0006,0.0,0.0006
22,MicrortsMining10x10F9-v0__Off-PIAM__4__1670643570,True,True,4,0.99,cpu,MicrortsMining10x10F9-v0,0.015,Off-PIAM,False,True,True,10,10,0.0003,True,0.2,0.0003,True,0.015,2048,True,0.97,False,False,,orthogonal,True,0.5,10,0,256,False,1000000,5,invalid-action-masking,True,,1.0593599081039429,0,0.0,"{'sha256': '05c4a30e3a785cd2f48815523233a05892e7dcf3a884336c98a65d1fabc51282', 'path': 'media/videos/video.0_19_05c4a30e3a785cd2f488.mp4', 'size': 39657, '_type': 'video-file'}",5.188356399536133,8.9,0,39.900001525878906,0.0,10.859999847412109,1.180000004172325,{'runtime': 24844},1670668417.8942714,39.8,395.0,0.013180042244493961,-0.03558550402522087,9.699999952316285,5398,24845,1001472,0.060192,0.0002,0.417792,0.0002
23,MicrortsMining16x16F9-v0__On-PIAM__4__1670642045,True,True,4,0.99,cpu,MicrortsMining16x16F9-v0,0.02,On-PIAM,False,True,True,10,10,0.0003,True,0.2,0.0003,True,0.015,2048,True,0.97,False,False,,orthogonal,True,0.5,10,0,256,False,1000000,5,invalid-action-masking,True,,1.0950177907943726,0,0.0,"{'path': 'media/videos/video.0_19_05fe5f939976299800b1.mp4', 'size': 29765, '_type': 'video-file', 'sha256': '05fe5f939976299800b10c49ccea7be606d429b19e237965b929f397d9a0ba09'}",4.427799701690674,8.4,0,0.0,0.0,195.45000305175782,4.329999947547913,{'runtime': 12104},1670654151.4210796,35.0,390.0,2.618258558868547e-05,-0.05940791219472885,0.0,5398,12104,1001472,0.045256,0.0002,0.0,0.0002
24,MicrortsMining16x16F9-v0__Penalty__4__1670641000,True,True,4,0.99,cuda:1,MicrortsMining16x16F9-v0,0.02,Penalty--0.01,False,True,True,10,10,0.0003,True,0.2,0.0003,True,0.015,2048,True,0.97,False,False,,orthogonal,True,0.5,10,0,256,False,1000000,5,invalid-action-masking,True,-0.01,1.7569025754928589,0,0.0,"{'path': 'media/videos/video.0_14_0c039f379fe938190787.mp4', 'size': 29926, '_type': 'video-file', 'sha256': '0c039f379fe9381907874a3dbb95295fabaec9efafd997620ff68fcedfa61919'}",4.3996376319910275e-08,0.0,0,,0.0,,,{'runtime': 5864},1670646864.7732484,1.0,,7.3855189839378e-05,-0.18352943658828735,,5393,5863,1001472,0.0,0.013088,,
25,MicrortsMining10x10F9-v0__Penalty__4__1670635881,True,True,4,0.99,cuda:1,MicrortsMining10x10F9-v0,0.015,Penalty--0.01,False,True,True,10,10,0.0003,True,0.2,0.0003,True,0.015,2048,True,0.97,False,False,,orthogonal,True,0.5,10,0,256,False,1000000,5,invalid-action-masking,True,-0.01,1.842720627784729,0,6.0,"{'path': 'media/videos/video.0_14_6170e8ed29e64634f508.mp4', 'size': 38680, '_type': 'video-file', 'sha256': '6170e8ed29e64634f508a7fdb4f56fcbf58cbedef55dcdf5d939b36a16f1883d'}",3.977425575256348,0.1,0,,114.1,,,{'runtime': 5095},1670640977.3690178,29.88888888888889,,2.6218927814625204e-05,-0.07755587995052338,,5393,5094,1001472,0.11404,0.003648,,
26,MicrortsMining10x10F9-v0__On-PIAM__4__1670633413,True,True,4,0.99,cpu,MicrortsMining10x10F9-v0,0.015,On-PIAM,False,True,True,10,10,0.0003,True,0.2,0.0003,True,0.015,2048,True,0.97,False,False,,orthogonal,True,0.5,10,0,256,False,1000000,5,invalid-action-masking,True,,1.0750998258590698,0,0.0,"{'size': 26323, '_type': 'video-file', 'sha256': '5288136239bbb5b01832095b78478f37a868174d5f14901eaaa987062b6963c7', 'path': 'media/videos/video.0_19_5288136239bbb5b01832.mp4'}",5.49910831451416,7.9,0,0.0,0.8,177.55,22.36000003814697,{'runtime': 8611},1670642024.7940483,36.0,400.0,0.00013422530191746772,0.010468480177223682,0.0,5398,8609,1001472,0.039912,0.0002,0.0,0.0002
27,MicrortsMining4x4F9-v0__Off-PIAM__4__1670629772,True,True,4,0.99,cpu,MicrortsMining4x4F9-v0,0.01,Off-PIAM,False,True,True,10,10,0.0003,True,0.2,0.0003,True,0.015,2048,True,0.97,False,False,,orthogonal,True,0.5,10,0,256,False,1000000,5,invalid-action-masking,True,,1.0482001304626465,0,0.0,"{'path': 'media/videos/video.0_19_416c40026ce4d2a29f5a.mp4', 'size': 43472, '_type': 'video-file', 'sha256': '416c40026ce4d2a29f5abd3b889a047784b3629a206f7d52d3abd7e00ad3ed4a'}",4.627079963684082,24.2,0,40.0,0.0,11.109999942779542,0.8900000035762787,{'runtime': 13770},1670643542.8333037,40.0,400.0,0.012781375367194415,-0.03924834355711937,15.379999923706055,5398,13769,1001472,0.04096,0.0004,0.065536,0.0004
28,MicrortsMining4x4F9-v0__On-PIAM__4__1670621948,True,True,4,0.99,cpu,MicrortsMining4x4F9-v0,0.01,On-PIAM,False,True,True,10,10,0.0003,True,0.2,0.0003,True,0.015,2048,True,0.97,False,False,,orthogonal,True,0.5,10,0,256,False,1000000,5,invalid-action-masking,True,,1.0463436841964722,0,0.0,"{'path': 'media/videos/video.0_19_182cdac7a31d7ea72118.mp4', 'size': 29077, '_type': 'video-file', 'sha256': '182cdac7a31d7ea721181d70ed91deb55a5df58dd52a4501e2ab44ad9bcebc05'}",5.602831840515137,18.2,0,3.0,0.0,21.440000152587892,171.2699981689453,{'runtime': 11441},1670633389.8146412,36.4,399.0,9.016311105369823e-06,0.008836091496050358,0.0,5398,11439,1001472,0.03272,0.0004,0.0,0.0004
29,MicrortsMining24x24F9-v0__Off-PIAM__3__1670619970,True,True,3,0.99,cpu,MicrortsMining24x24F9-v0,0.03,Off-PIAM,False,True,True,10,10,0.0003,True,0.2,0.0003,True,0.015,2048,True,0.97,False,False,,orthogonal,True,0.5,10,0,256,False,1000000,5,invalid-action-masking,True,,1.136690616607666,0,0.0,"{'path': 'media/videos/video.0_19_34b94ad663d8ddebd1f4.mp4', 'size': 43264, '_type': 'video-file', 'sha256': '34b94ad663d8ddebd1f4be7bc4e6a889d21482d735eb4b9b0082ca97ad259a1d'}",5.934899806976318,4.2,0,35.70000076293945,0.0,21.280000019073487,0.010000000149011612,{'runtime': 9780},1670629751.350557,35.0,351.0,0.021277640573680402,0.03454176336526871,4.349999964237213,5398,9779,1001472,0.187168,0.0002,0.0,0.0002
30,MicrortsMining24x24F9-v0__On-PIAM__3__1670611574,True,True,3,0.99,cpu,MicrortsMining24x24F9-v0,0.03,On-PIAM,False,True,True,10,10,0.0003,True,0.2,0.0003,True,0.015,2048,True,0.97,False,False,,orthogonal,True,0.5,10,0,256,False,1000000,5,invalid-action-masking,True,,1.1454426050186155,0,0.0,"{'_type': 'video-file', 'sha256': '2918a2516094afff766a3c9fc171aa9f6e6e15304e901c9da169dd74be4b95ee', 'path': 'media/videos/video.0_19_2918a2516094afff766a.mp4', 'size': 35708}",5.608279705047607,13.4,0,0.4000000059604645,0.0,198.11999969482423,1.0200000047683715,{'runtime': 10352},1670621927.6407084,31.7,351.0,1.6019927170418668e-05,0.019793078303337097,0.0,5398,10351,1001472,0.076376,0.0002,0.0,0.0002
31,MicrortsMining16x16F9-v0__Off-PIAM__3__1670609755,True,True,3,0.99,cpu,MicrortsMining16x16F9-v0,0.02,Off-PIAM,False,True,True,10,10,0.0003,True,0.2,0.0003,True,0.015,2048,True,0.97,False,False,,orthogonal,True,0.5,10,0,256,False,1000000,5,invalid-action-masking,True,,1.0909074544906616,0,0.0,"{'path': 'media/videos/video.0_19_8c9d4253a32c9b1be6e2.mp4', 'size': 41854, '_type': 'video-file', 'sha256': '8c9d4253a32c9b1be6e286738af0ad6c25df830a4f9a08817d8151e7ee4e8a2d'}",3.809494018554687,1.1,0,39.0,0.0,9.940000009536742,0.32000000327825545,{'runtime': 10190},1670619945.5824769,39.7,397.0,0.011577708832919597,-0.04157664626836777,2.299999991059303,5398,10188,1001472,0.080872,0.0006,0.11264,0.0006
32,MicrortsMining16x16F9-v0__On-PIAM__3__1670603148,True,True,3,0.99,cpu,MicrortsMining16x16F9-v0,0.02,On-PIAM,False,True,True,10,10,0.0003,True,0.2,0.0003,True,0.015,2048,True,0.97,False,False,,orthogonal,True,0.5,10,0,256,False,1000000,5,invalid-action-masking,True,,1.0930755138397217,0,0.0,"{'path': 'media/videos/video.0_19_ddbb05013a1c10caad5d.mp4', 'size': 30768, '_type': 'video-file', 'sha256': 'ddbb05013a1c10caad5daae2fa3252024887644809ca9a6bb2b1b75e10a9955f'}",4.3513970375061035,1.5,0,0.4000000059604645,0.0,193.20999908447266,6.440000057220459,{'runtime': 8404},1670611553.1205735,34.2,379.0,4.044004772367771e-05,-0.03497886657714844,0.0,5398,8403,1001472,0.050352,0.0006,0.0,0.0006
33,MicrortsMining10x10F9-v0__Off-PIAM__3__1670601089,True,True,3,0.99,cpu,MicrortsMining10x10F9-v0,0.015,Off-PIAM,False,True,True,10,10,0.0003,True,0.2,0.0003,True,0.015,2048,True,0.97,False,False,,orthogonal,True,0.5,10,0,256,False,1000000,5,invalid-action-masking,True,,1.070134162902832,0,0.0,"{'path': 'media/videos/video.0_19_16d3d1d67746288f0b99.mp4', 'size': 39736, '_type': 'video-file', 'sha256': '16d3d1d67746288f0b991ee5e58f72b376864352c4f23b5611e200519b831729'}",4.810420989990234,1.2,0,39.79999923706055,0.0,11.960000038146973,1.9099999904632567,{'runtime': 8641},1670609730.9951532,39.9,399.0,0.014734753221273423,0.029296644032001495,1.9399999856948853,5398,8639,1001472,0.068584,0.0002,0.37888,0.0002
34,MicrortsMining10x10F9-v0__On-PIAM__3__1670596031,True,True,3,0.99,cpu,MicrortsMining10x10F9-v0,0.015,On-PIAM,False,True,True,10,10,0.0003,True,0.2,0.0003,True,0.015,2048,True,0.97,False,False,,orthogonal,True,0.5,10,0,256,False,1000000,5,invalid-action-masking,True,,1.0875142812728882,0,0.0,"{'path': 'media/videos/video.0_19_db42a92a9a433a9569b3.mp4', 'size': 26670, '_type': 'video-file', 'sha256': 'db42a92a9a433a9569b30f932a4d94d2a0345462c01af8bf07602a986b00267e'}",4.522098541259766,6.7,0,0.10000000149011612,0.4,195.61999969482423,3.4100000143051146,{'runtime': 7093},1670603125.5292883,35.7,397.0,9.913224293995881e-05,-0.02096787840127945,0.0,5398,7093,1001472,0.046456,0.0002,0.0,0.0002
35,MicrortsMining4x4F9-v0__Off-PIAM__3__1670590458,True,True,3,0.99,cpu,MicrortsMining4x4F9-v0,0.01,Off-PIAM,False,True,True,10,10,0.0003,True,0.2,0.0003,True,0.015,2048,True,0.97,False,False,,orthogonal,True,0.5,10,0,256,False,1000000,5,invalid-action-masking,True,,1.0324490070343018,0,0.0,"{'path': 'media/videos/video.0_19_ef2b7d890f49f4e112bd.mp4', 'size': 42167, '_type': 'video-file', 'sha256': 'ef2b7d890f49f4e112bd67097e9fb0082bdac7659f0055b071a5f37864b65add'}",6.279314994812012,24.5,0,39.70000076293945,0.0,9.709999942779541,2.540000009536743,{'runtime': 10608},1670601067.0915742,40.0,400.0,0.012886160239577293,0.07529332488775253,16.11000003814697,5398,10607,1001472,0.054048,0.0002,0.094208,0.0002
36,MicrortsMining4x4F9-v0__On-PIAM__3__1670584969,True,True,3,0.99,cpu,MicrortsMining4x4F9-v0,0.01,On-PIAM,False,True,True,10,10,0.0003,True,0.2,0.0003,True,0.015,2048,True,0.97,False,False,,orthogonal,True,0.5,10,0,256,False,1000000,5,invalid-action-masking,True,,1.0136550664901731,0,0.0,"{'path': 'media/videos/video.0_19_dbdcda0eb81deb04e91b.mp4', 'size': 36893, '_type': 'video-file', 'sha256': 'dbdcda0eb81deb04e91b2f894f35d07c98245737a6887780c0fd61e3caed4b69'}",4.947573184967041,9.2,0,8.100000381469727,0.0,121.96999969482422,55.88999977111816,{'runtime': 11038},1670596007.9238455,36.2,393.0,5.810234679302084e-05,0.014970552176237106,0.0,5398,11036,1001472,0.033368,0.0002,0.0,0.0002
37,MicrortsMining24x24F9-v0__Off-PIAM__2__1670580283,True,True,2,0.99,cpu,MicrortsMining24x24F9-v0,0.03,Off-PIAM,False,True,True,10,10,0.0003,True,0.2,0.0003,True,0.015,2048,True,0.97,False,False,,orthogonal,True,0.5,10,0,256,False,1000000,5,invalid-action-masking,True,,1.11810302734375,0,0.0,"{'size': 44523, '_type': 'video-file', 'sha256': '6efc7b4a2f8a53b5fc3a19ca2b991776de57548b33e2330e91046837d5105de0', 'path': 'media/videos/video.0_19_6efc7b4a2f8a53b5fc3a.mp4'}",3.410510540008545,10.0,0,34.099998474121094,0.1,14.0,0.010000000149011612,{'runtime': 10153},1670590438.3508725,35.1,350.0,0.018657243810594082,-0.12420809268951416,7.519999980926514,5398,10153,1001472,0.136368,0.0002,0.0,0.0002
38,MicrortsMining24x24F9-v0__On-PIAM__2__1670574633,True,True,2,0.99,cpu,MicrortsMining24x24F9-v0,0.03,On-PIAM,False,True,True,10,10,0.0003,True,0.2,0.0003,True,0.015,2048,True,0.97,False,False,,orthogonal,True,0.5,10,0,256,False,1000000,5,invalid-action-masking,True,,1.1360130310058594,0,0.0,"{'path': 'media/videos/video.0_19_d6ee8415b695ec847a11.mp4', 'size': 35281, '_type': 'video-file', 'sha256': 'd6ee8415b695ec847a110e437eb02c25640d1c8a6edcefa0c4fac58cf0dc25a4'}",5.031617164611816,4.9,0,0.0,0.0,198.18999786376952,1.6899999856948853,{'runtime': 10309},1670584944.5190425,32.5,362.0,3.066844997192675e-05,-0.07518792897462845,0.0,5398,10309,1001472,0.059144,0.0002,0.0,0.0002
39,MicrortsMining16x16F9-v0__Off-PIAM__2__1670570092,True,True,2,0.99,cpu,MicrortsMining16x16F9-v0,0.02,Off-PIAM,False,True,True,10,10,0.0003,True,0.2,0.0003,True,0.015,2048,True,0.97,False,False,,orthogonal,True,0.5,10,0,256,False,1000000,5,invalid-action-masking,True,,1.0943129062652588,0,0.0,"{'path': 'media/videos/video.0_19_3caf135f0840d676ba87.mp4', 'size': 41557, '_type': 'video-file', 'sha256': '3caf135f0840d676ba875458292bfb4ccca2e57891635c3a33735a02a79254c9'}",5.118743896484375,4.1,0,39.400001525878906,0.0,10.810000038146972,0.8699999928474427,{'runtime': 10169},1670580262.98883,39.7,397.0,0.015640544053167105,0.004603082314133644,1.9400000095367431,5398,10168,1001472,0.125928,0.0002,0.415744,0.0002
40,MicrortsMining16x16F9-v0__On-PIAM__2__1670565788,True,True,2,0.99,cpu,MicrortsMining16x16F9-v0,0.02,On-PIAM,False,True,True,10,10,0.0003,True,0.2,0.0003,True,0.015,2048,True,0.97,False,False,,orthogonal,True,0.5,10,0,256,False,1000000,5,invalid-action-masking,True,,1.1456578969955444,0,0.0,"{'path': 'media/videos/video.0_19_05fe5f939976299800b1.mp4', 'size': 29765, '_type': 'video-file', 'sha256': '05fe5f939976299800b10c49ccea7be606d429b19e237965b929f397d9a0ba09'}",4.54072380065918,17.5,0,0.20000000298023224,0.4,196.9200012207031,1.9100000143051148,{'runtime': 8823},1670574611.9120786,30.5,339.0,9.811059871935867e-05,-0.11214639246463776,0.0,5398,8822,1001472,0.066136,0.0002,0.0,0.0002
41,MicrortsMining10x10F9-v0__Off-PIAM__2__1670561624,True,True,2,0.99,cpu,MicrortsMining10x10F9-v0,0.015,Off-PIAM,False,True,True,10,10,0.0003,True,0.2,0.0003,True,0.015,2048,True,0.97,False,False,,orthogonal,True,0.5,10,0,256,False,1000000,5,invalid-action-masking,True,,1.0745060443878174,0,0.0,"{'size': 39108, '_type': 'video-file', 'sha256': '4325c3496cd15730dc262eed0eb7ef919c9a0640da4b7e28a955c66e4a7dc07b', 'path': 'media/videos/video.0_19_4325c3496cd15730dc26.mp4'}",4.612486362457275,2.0,0,38.70000076293945,0.0,6.8,0.9,{'runtime': 8448},1670570072.8039386,39.4,397.0,0.007932033622637391,-0.01697084866464138,1.509999978542328,5398,8446,1001472,0.189416,0.0004,0.520192,0.0004
42,MicrortsMining10x10F9-v0__On-PIAM__2__1670558384,True,True,2,0.99,cpu,MicrortsMining10x10F9-v0,0.015,On-PIAM,False,True,True,10,10,0.0003,True,0.2,0.0003,True,0.015,2048,True,0.97,False,False,,orthogonal,True,0.5,10,0,256,False,1000000,5,invalid-action-masking,True,,1.096803069114685,0,0.0,"{'path': 'media/videos/video.0_19_5288136239bbb5b01832.mp4', 'size': 26323, '_type': 'video-file', 'sha256': '5288136239bbb5b01832095b78478f37a868174d5f14901eaaa987062b6963c7'}",4.111252784729004,8.6,0,0.0,0.0,188.27999877929688,11.219999980926513,{'runtime': 7379},1670565766.6063924,34.4,380.0,7.319254350477423e-05,-0.050041720271110535,0.0,5398,7379,1001472,0.0514,0.0004,0.0,0.0004
43,MicrortsMining24x24F9-v0__Penalty__4__1670552422,True,True,4,0.99,cuda:0,MicrortsMining24x24F9-v0,0.03,Penalty--0.1,False,True,True,10,10,0.0003,True,0.2,0.0003,True,0.015,2048,True,0.97,False,False,,orthogonal,True,0.5,10,0,256,False,1000000,5,invalid-action-masking,True,-0.1,2.676388740539551,0,2.2,"{'path': 'media/videos/video.0_14_d6ee8415b695ec847a11.mp4', 'size': 35281, '_type': 'video-file', 'sha256': 'd6ee8415b695ec847a110e437eb02c25640d1c8a6edcefa0c4fac58cf0dc25a4'}",0.6115905046463013,0.7,0,,188.0,,,{'runtime': 5623},1670558049.491758,0.4444444444444444,,5.388773279264569e-05,0.016058344393968582,,5393,5626,1001472,0.0,0.010192,,
44,MicrortsMining4x4F9-v0__Off-PIAM__2__1670548683,True,True,2,0.99,cpu,MicrortsMining4x4F9-v0,0.01,Off-PIAM,False,True,True,10,10,0.0003,True,0.2,0.0003,True,0.015,2048,True,0.97,False,False,,orthogonal,True,0.5,10,0,256,False,1000000,5,invalid-action-masking,True,,1.0367172956466677,0,0.0,"{'path': 'media/videos/video.0_19_81bf76ba00d861282b73.mp4', 'size': 40565, '_type': 'video-file', 'sha256': '81bf76ba00d861282b7346c7b7cd9105e65ac9d230e5f25fbfa8cfbe264444c4'}",6.439840793609619,23.3,0,39.900001525878906,0.2,7.87999997138977,0.910000005364418,{'runtime': 12913},1670561600.340561,40.0,400.0,0.011114992201328278,0.04083353281021118,17.85999984741211,5398,12915,1001472,0.046656,0.0006,0.067584,0.0006
45,MicrortsMining16x16F9-v0__Penalty__4__1670546843,True,True,4,0.99,cuda:0,MicrortsMining16x16F9-v0,0.02,Penalty--0.1,False,True,True,10,10,0.0003,True,0.2,0.0003,True,0.015,2048,True,0.97,False,False,,orthogonal,True,0.5,10,0,256,False,1000000,5,invalid-action-masking,True,-0.1,1.983903169631958,0,3.0,"{'_type': 'video-file', 'sha256': '966be3bafd557f25b0b1a7231c25f0ad7626d4c6f73cba738a84e1d07da704fa', 'path': 'media/videos/video.0_14_966be3bafd557f25b0b1.mp4', 'size': 40383}",2.7640528678894043,1.1,0,,110.9,,,{'runtime': 5555},1670552400.8943124,28.88888888888889,,3.567463718354702e-05,-0.10420428216457368,,5393,5555,1001472,0.0,0.024128,,
46,MicrortsMining10x10F9-v0__Penalty__4__1670540970,True,True,4,0.99,cuda:0,MicrortsMining10x10F9-v0,0.015,Penalty--0.1,False,True,True,10,10,0.0003,True,0.2,0.0003,True,0.015,2048,True,0.97,False,False,,orthogonal,True,0.5,10,0,256,False,1000000,5,invalid-action-masking,True,-0.1,1.6481183767318726,0,0.0,"{'_type': 'video-file', 'sha256': '5288136239bbb5b01832095b78478f37a868174d5f14901eaaa987062b6963c7', 'path': 'media/videos/video.0_14_5288136239bbb5b01832.mp4', 'size': 26323}",4.8878071368108074e-08,0.0,0,,0.0,,,{'runtime': 5848},1670546820.0804105,0.0,,1.4486454892903566e-05,0.11647766828536989,,5393,5848,1001472,0.0,0.065288,,
47,MicrortsMining4x4F9-v0__On-PIAM__2__1670540871,True,True,2,0.99,cpu,MicrortsMining4x4F9-v0,0.01,On-PIAM,False,True,True,10,10,0.0003,True,0.2,0.0003,True,0.015,2048,True,0.97,False,False,,orthogonal,True,0.5,10,0,256,False,1000000,5,invalid-action-masking,True,,1.046782612800598,0,0.3,"{'_type': 'video-file', 'sha256': '9202ab2e5fa07010c8212d213a4a9cce10d9472037178785ecff3aaa77877d84', 'path': 'media/videos/video.0_19_9202ab2e5fa07010c821.mp4', 'size': 26718}",4.456494331359863,23.5,0,1.7999999523162842,0.1,11.689999961853028,183.79999847412108,{'runtime': 17489},1670558361.3718991,35.9,399.0,-1.5970878484949937e-05,-0.04244276508688927,0.0,5398,17489,1001472,0.037064,0.0006,0.0,0.0006
48,MicrortsMining4x4F9-v0__Penalty__4__1670535410,True,True,4,0.99,cuda:0,MicrortsMining4x4F9-v0,0.01,Penalty--0.1,False,True,True,10,10,0.0003,True,0.2,0.0003,True,0.015,2048,True,0.97,False,False,,orthogonal,True,0.5,10,0,256,False,1000000,5,invalid-action-masking,True,-0.1,1.428095817565918,0,0.0,"{'size': 25124, '_type': 'video-file', 'sha256': '79c720006488d6913116811bb2f1034d34fcfdbbd91034ec8569d0c2508f9e48', 'path': 'media/videos/video.0_14_79c720006488d6913116.mp4'}",3.6722742180472785e-08,0.0,0,,0.0,,,{'runtime': 5535},1670540946.4752054,0.0,,1.1418276699259877e-05,0.13256411254405975,,5393,5534,1001472,0.0,0.0008,,
49,MicrortsMining4x4F9-v0__Penalty__4__1670534503,True,True,4,0.99,cuda:1,MicrortsMining4x4F9-v0,0.01,Penalty--0.01,False,True,True,10,10,0.0003,True,0.2,0.0003,True,0.015,2048,True,0.97,False,False,,orthogonal,True,0.5,10,0,256,False,1000000,5,invalid-action-masking,True,-0.01,1.411777138710022,0,18.3,"{'path': 'media/videos/video.0_14_2db51a01fb1937d8481d.mp4', 'size': 41311, '_type': 'video-file', 'sha256': '2db51a01fb1937d8481dc2522dbdeaa1f160cc37eaebd3765c1ac1213a8d8b8b'}",5.754895210266113,1.4,0,,61.3,,,{'runtime': 5425},1670539930.3068414,39.888888888888886,,3.264777769800276e-05,-0.005508089438080788,,5393,5425,1001472,0.086616,0.0008,,
50,MicrortsMining24x24F9-v0__Off-PIAM__1__1670529343,True,True,1,0.99,cpu,MicrortsMining24x24F9-v0,0.03,Off-PIAM,False,True,True,10,10,0.0003,True,0.2,0.0003,True,0.015,2048,True,0.97,False,False,,orthogonal,True,0.5,10,0,256,False,1000000,5,invalid-action-masking,True,,1.123124361038208,0,0.0,"{'path': 'media/videos/video.0_19_cfce59bc3fb02d27f12c.mp4', 'size': 46406, '_type': 'video-file', 'sha256': 'cfce59bc3fb02d27f12cf6b1f26f1be790f3c59cbfa29eb9a4508ccb4c9cf0f0'}",4.345510005950928,3.6,0,37.70000076293945,0.0,12.45,0.6899999991059304,{'runtime': 19314},1670548657.3073783,37.1,371.0,0.015461114794015884,-0.002365104854106903,4.8599999904632565,5398,19312,1001472,0.16444,0.0004,0.0,0.0004
51,MicrortsMining24x24F9-v0__Penalty__3__1670528399,True,True,3,0.99,cuda:0,MicrortsMining24x24F9-v0,0.03,Penalty--0.1,False,True,True,10,10,0.0003,True,0.2,0.0003,True,0.015,2048,True,0.97,False,False,,orthogonal,True,0.5,10,0,256,False,1000000,5,invalid-action-masking,True,-0.1,2.6942808628082275,0,1.3,"{'size': 36467, '_type': 'video-file', 'sha256': '708498f547d9922edda2d37281fb16d43301248ff174894e19ab7f085de63210', 'path': 'media/videos/video.0_14_708498f547d9922edda2.mp4'}",1.0606601238250732,0.2,0,,190.8,,,{'runtime': 6989},1670535388.783533,0.1111111111111111,,3.957489388994872e-06,-0.11928243935108183,,5393,6987,1001472,0.0,0.0006,,
52,MicrortsMining24x24F9-v0__Penalty__3__1670527547,True,True,3,0.99,cuda:1,MicrortsMining24x24F9-v0,0.03,Penalty--0.01,False,True,True,10,10,0.0003,True,0.2,0.0003,True,0.015,2048,True,0.97,False,False,,orthogonal,True,0.5,10,0,256,False,1000000,5,invalid-action-masking,True,-0.01,2.2065439224243164,0,1.4,"{'path': 'media/videos/video.0_14_baa79db778c9c5dd7b28.mp4', 'size': 41881, '_type': 'video-file', 'sha256': 'baa79db778c9c5dd7b283699f6a5ec03d081fed9aef567b4368647ffc36e6841'}",1.842244267463684,0.6,0,,130.0,,,{'runtime': 6935},1670534482.5436118,23.333333333333332,,0.0001136681908974424,-0.027541592717170715,,5393,6933,1001472,0.0,0.0006,,
53,MicrortsMining16x16F9-v0__Penalty__3__1670522013,True,True,3,0.99,cuda:0,MicrortsMining16x16F9-v0,0.02,Penalty--0.1,False,True,True,10,10,0.0003,True,0.2,0.0003,True,0.015,2048,True,0.97,False,False,,orthogonal,True,0.5,10,0,256,False,1000000,5,invalid-action-masking,True,-0.1,1.8324187994003296,0,0.0,"{'size': 29926, '_type': 'video-file', 'sha256': '0c039f379fe9381907874a3dbb95295fabaec9efafd997620ff68fcedfa61919', 'path': 'media/videos/video.0_14_0c039f379fe938190787.mp4'}",5.142422310200345e-07,0.0,0,,0.0,,,{'runtime': 6363},1670528377.2804155,1.0,,8.23295849841088e-05,-0.09242181479930878,,5393,6362,1001472,0.0,0.007344,,
54,MicrortsMining16x16F9-v0__Penalty__3__1670521266,True,True,3,0.99,cuda:1,MicrortsMining16x16F9-v0,0.02,Penalty--0.01,False,True,True,10,10,0.0003,True,0.2,0.0003,True,0.015,2048,True,0.97,False,False,,orthogonal,True,0.5,10,0,256,False,1000000,5,invalid-action-masking,True,-0.01,1.8318917751312256,0,0.0,"{'size': 29926, '_type': 'video-file', 'sha256': '0c039f379fe9381907874a3dbb95295fabaec9efafd997620ff68fcedfa61919', 'path': 'media/videos/video.0_14_0c039f379fe938190787.mp4'}",6.691315057594238e-09,0.0,0,,0.0,,,{'runtime': 6257},1670527524.264174,1.0,,0.0001665950519964099,0.02579214796423912,,5393,6256,1001472,0.0,0.01084,,
55,MicrortsMining10x10F9-v0__Penalty__3__1670515917,True,True,3,0.99,cuda:0,MicrortsMining10x10F9-v0,0.015,Penalty--0.1,False,True,True,10,10,0.0003,True,0.2,0.0003,True,0.015,2048,True,0.97,False,False,,orthogonal,True,0.5,10,0,256,False,1000000,5,invalid-action-masking,True,-0.1,1.6551122665405271,0,0.0,"{'path': 'media/videos/video.0_14_9b888b2446f6fc8ea28d.mp4', 'size': 26753, '_type': 'video-file', 'sha256': '9b888b2446f6fc8ea28d65e70ac67209870498632de78ad67b9016825e26bca6'}",1.545228656141262e-08,0.0,0,,0.0,,,{'runtime': 6072},1670521991.742287,0.0,,-4.07826155424118e-07,-0.08150408416986465,,5393,6072,1001472,0.0,0.030672,,
56,MicrortsMining10x10F9-v0__Penalty__3__1670515276,True,True,3,0.99,cuda:1,MicrortsMining10x10F9-v0,0.015,Penalty--0.01,False,True,True,10,10,0.0003,True,0.2,0.0003,True,0.015,2048,True,0.97,False,False,,orthogonal,True,0.5,10,0,256,False,1000000,5,invalid-action-masking,True,-0.01,1.797230839729309,0,4.5,"{'path': 'media/videos/video.0_14_9689885fcf725a8102cd.mp4', 'size': 37777, '_type': 'video-file', 'sha256': '9689885fcf725a8102cd7913a46491fb1389b24d042af4d851891634e7ffa189'}",4.360153675079346,0.0,0,,102.7,,,{'runtime': 5965},1670521243.4004326,32.44444444444444,,4.6714924974367025e-05,0.0411086305975914,,5393,5965,1001472,0.205,0.004296,,
57,MicrortsMining24x24F9-v0__On-PIAM__1__1670514569,True,True,1,0.99,cpu,MicrortsMining24x24F9-v0,0.03,On-PIAM,False,True,True,10,10,0.0003,True,0.2,0.0003,True,0.015,2048,True,0.97,False,False,,orthogonal,True,0.5,10,0,256,False,1000000,5,invalid-action-masking,True,,1.1499234437942505,0,0.0,"{'path': 'media/videos/video.0_19_d6ee8415b695ec847a11.mp4', 'size': 35281, '_type': 'video-file', 'sha256': 'd6ee8415b695ec847a110e437eb02c25640d1c8a6edcefa0c4fac58cf0dc25a4'}",3.586764335632324,11.0,0,0.5,0.0,198.15999908447264,1.0799999833106995,{'runtime': 26279},1670540850.034411,31.3,346.0,1.2831392450607381e-05,-0.13500404357910156,0.0,5398,26280,1001472,0.07188,0.0004,0.0,0.0004
58,MicrortsMining4x4F9-v0__Penalty__3__1670510446,True,True,3,0.99,cuda:0,MicrortsMining4x4F9-v0,0.01,Penalty--0.1,False,True,True,10,10,0.0003,True,0.2,0.0003,True,0.015,2048,True,0.97,False,False,,orthogonal,True,0.5,10,0,256,False,1000000,5,invalid-action-masking,True,-0.1,1.3112146854400637,0,8.5,"{'_type': 'video-file', 'sha256': '9b5618e4cef228cbbc9384219da01d9824bc26d6db02297596934ef7259d3ed5', 'path': 'media/videos/video.0_14_9b5618e4cef228cbbc93.mp4', 'size': 40907}",5.716991424560547,2.1,0,,29.5,,,{'runtime': 5447},1670515895.1012664,40.0,,1.674756349530071e-05,0.010951664298772812,,5393,5447,1001472,0.150904,0.0016,,
59,MicrortsMining4x4F9-v0__Penalty__3__1670509902,True,True,3,0.99,cuda:1,MicrortsMining4x4F9-v0,0.01,Penalty--0.01,False,True,True,10,10,0.0003,True,0.2,0.0003,True,0.015,2048,True,0.97,False,False,,orthogonal,True,0.5,10,0,256,False,1000000,5,invalid-action-masking,True,-0.01,1.4150784015655518,0,21.6,"{'path': 'media/videos/video.0_14_a348b491427dc4843dc7.mp4', 'size': 41580, '_type': 'video-file', 'sha256': 'a348b491427dc4843dc73956c143c099d4bb2a2812c19dd281423e061bcb58ab'}",4.618748188018799,1.3,0,,60.6,,,{'runtime': 5349},1670515256.8670256,39.44444444444444,,2.4511216906830667e-06,-0.02656557410955429,,5393,5352,1001472,0.0516,0.0016,,
60,MicrortsMining16x16F9-v0__Off-PIAM__1__1670505269,True,True,1,0.99,cpu,MicrortsMining16x16F9-v0,0.02,Off-PIAM,False,True,True,10,10,0.0003,True,0.2,0.0003,True,0.015,2048,True,0.97,False,False,,orthogonal,True,0.5,10,0,256,False,1000000,5,invalid-action-masking,True,,1.072170376777649,0,0.0,"{'size': 43920, '_type': 'video-file', 'sha256': '73b7c5fe757d67174d63b169a87db90e27d297a0234a98bb2aea25fcdf03cedc', 'path': 'media/videos/video.0_19_73b7c5fe757d67174d63.mp4'}",5.562516689300537,0.7,0,36.900001525878906,0.0,11.859999942779542,1.6799999952316285,{'runtime': 24042},1670529321.4548745,39.4,395.0,0.014610993955284358,0.10491284728050232,1.9199999928474427,5398,24050,1001472,0.073728,0.0004,0.096256,0.0004
61,MicrortsMining24x24F9-v0__Penalty__2__1670503466,True,True,2,0.99,cuda:0,MicrortsMining24x24F9-v0,0.03,Penalty--0.1,False,True,True,10,10,0.0003,True,0.2,0.0003,True,0.015,2048,True,0.97,False,False,,orthogonal,True,0.5,10,0,256,False,1000000,5,invalid-action-masking,True,-0.1,1.837349772453308,0,0.0,"{'_type': 'video-file', 'sha256': '1986f0a3ac8a3fb6cdf25a95dbf85d8c6c99eb26a62d39323438b37acce7343d', 'path': 'media/videos/video.0_14_1986f0a3ac8a3fb6cdf2.mp4', 'size': 35312}",2.430545691822772e-06,0.0,0,,0.0,,,{'runtime': 6952},1670510423.125755,1.0,,3.855209215544164e-05,-0.03425385802984238,,5393,6955,1001472,0.0,0.005096,,
62,MicrortsMining24x24F9-v0__Penalty__2__1670503021,True,True,2,0.99,cuda:1,MicrortsMining24x24F9-v0,0.03,Penalty--0.01,False,True,True,10,10,0.0003,True,0.2,0.0003,True,0.015,2048,True,0.97,False,False,,orthogonal,True,0.5,10,0,256,False,1000000,5,invalid-action-masking,True,-0.01,2.2461910247802734,0,1.2,"{'size': 43658, '_type': 'video-file', 'sha256': '1afc1094382422e34db8bd9b0789d469aba109521ce5b3083dee3518d368f835', 'path': 'media/videos/video.0_14_1afc1094382422e34db8.mp4'}",1.585491180419922,0.2,0,,139.7,,,{'runtime': 6858},1670509881.600727,20.444444444444443,,0.00011223351466469467,-0.08744333684444427,,5393,6858,1001472,0.0,0.005096,,
63,MicrortsMining16x16F9-v0__Penalty__2__1670497333,True,True,2,0.99,cuda:0,MicrortsMining16x16F9-v0,0.02,Penalty--0.1,False,True,True,10,10,0.0003,True,0.2,0.0003,True,0.015,2048,True,0.97,False,False,,orthogonal,True,0.5,10,0,256,False,1000000,5,invalid-action-masking,True,-0.1,1.762608528137207,0,0.0,"{'size': 30670, '_type': 'video-file', 'sha256': '484e4ee78f909ce067cadcaed35b5c0ee732ccbdc45723465454b372788709fe', 'path': 'media/videos/video.0_14_484e4ee78f909ce067ca.mp4'}",1.0775114134276009e-07,0.0,0,,0.0,,,{'runtime': 6107},1670503442.9688628,1.0,,0.0001519416953669861,-0.10948668420314787,,5393,6108,1001472,0.0,0.002248,,
64,MicrortsMining16x16F9-v0__Penalty__2__1670496911,True,True,2,0.99,cuda:1,MicrortsMining16x16F9-v0,0.02,Penalty--0.01,False,True,True,10,10,0.0003,True,0.2,0.0003,True,0.015,2048,True,0.97,False,False,,orthogonal,True,0.5,10,0,256,False,1000000,5,invalid-action-masking,True,-0.01,1.820346117019653,0,0.0,"{'path': 'media/videos/video.0_14_0c039f379fe938190787.mp4', 'size': 29926, '_type': 'video-file', 'sha256': '0c039f379fe9381907874a3dbb95295fabaec9efafd997620ff68fcedfa61919'}",1.3328157422165532e-07,0.0,0,,0.0,,,{'runtime': 6086},1670502999.4508271,1.0,,0.00011507144954521209,-0.027195226401090625,,5393,6086,1001472,0.0,0.002648,,
65,MicrortsMining16x16F9-v0__On-PIAM__1__1670495090,True,True,1,0.99,cpu,MicrortsMining16x16F9-v0,0.02,On-PIAM,False,True,True,10,10,0.0003,True,0.2,0.0003,True,0.015,2048,True,0.97,False,False,,orthogonal,True,0.5,10,0,256,False,1000000,5,invalid-action-masking,True,,1.0989055633544922,0,0.0,"{'path': 'media/videos/video.0_19_05fe5f939976299800b1.mp4', 'size': 29765, '_type': 'video-file', 'sha256': '05fe5f939976299800b10c49ccea7be606d429b19e237965b929f397d9a0ba09'}",6.870157718658447,8.3,0,0.0,0.0,197.04999847412108,2.9000000238418577,{'runtime': 19452},1670514545.2682164,34.6,379.0,-2.26502018449537e-05,0.16449357569217682,0.0,5398,19454,1001472,0.054248,0.0004,0.0,0.0004
66,MicrortsMining10x10F9-v0__Penalty__2__1670491460,True,True,2,0.99,cuda:0,MicrortsMining10x10F9-v0,0.015,Penalty--0.1,False,True,True,10,10,0.0003,True,0.2,0.0003,True,0.015,2048,True,0.97,False,False,,orthogonal,True,0.5,10,0,256,False,1000000,5,invalid-action-masking,True,-0.1,1.6567509174346924,0,0.0,"{'_type': 'video-file', 'sha256': '457f665a5049ee2370cfe0412ddb613a1ee8408043cc5e7135d81e0b7797a099', 'path': 'media/videos/video.0_14_457f665a5049ee2370cf.mp4', 'size': 26872}",9.252147492588848e-07,0.0,0,,0.0,,,{'runtime': 5836},1670497298.2270002,0.0,,-0.00016542361117899418,-0.09633908420801164,,5393,5836,1001472,0.0,0.028024,,
67,MicrortsMining10x10F9-v0__Penalty__2__1670491168,True,True,2,0.99,cuda:1,MicrortsMining10x10F9-v0,0.015,Penalty--0.01,False,True,True,10,10,0.0003,True,0.2,0.0003,True,0.015,2048,True,0.97,False,False,,orthogonal,True,0.5,10,0,256,False,1000000,5,invalid-action-masking,True,-0.01,1.8366961479187012,0,3.9,"{'size': 40379, '_type': 'video-file', 'sha256': '2e873a83d635a63c7c4d31c9f4d22c912cfbdfca2c202f3bb358ea93311bd437', 'path': 'media/videos/video.0_14_2e873a83d635a63c7c4d.mp4'}",4.134574890136719,0.0,0,,113.7,,,{'runtime': 5715},1670496884.5159783,33.0,,-2.9048358555883167e-06,-0.1406324803829193,,5393,5714,1001472,0.137616,0.028024,,
68,MicrortsMining4x4F9-v0__Penalty__2__1670486192,True,True,2,0.99,cuda:0,MicrortsMining4x4F9-v0,0.01,Penalty--0.1,False,True,True,10,10,0.0003,True,0.2,0.0003,True,0.015,2048,True,0.97,False,False,,orthogonal,True,0.5,10,0,256,False,1000000,5,invalid-action-masking,True,-0.1,1.3618052005767822,0,8.8,"{'path': 'media/videos/video.0_14_4f3756f34ba32a35f8d8.mp4', 'size': 40082, '_type': 'video-file', 'sha256': '4f3756f34ba32a35f8d888c292741fd3d81b760d5166584d8a72f62f0c391613'}",5.017514228820801,1.0,0,,24.3,,,{'runtime': 5245},1670491439.0766234,39.888888888888886,,-3.350948099978268e-05,-0.030694937333464622,,5393,5246,1001472,0.096456,0.0002,,
69,MicrortsMining4x4F9-v0__Penalty__2__1670486005,True,True,2,0.99,cuda:1,MicrortsMining4x4F9-v0,0.01,Penalty--0.01,False,True,True,10,10,0.0003,True,0.2,0.0003,True,0.015,2048,True,0.97,False,False,,orthogonal,True,0.5,10,0,256,False,1000000,5,invalid-action-masking,True,-0.01,1.4161934852600098,0,19.8,"{'size': 43088, '_type': 'video-file', 'sha256': '92ee189365dd080ba12590e7729cd39449048b2365ac479ee6d0c9c4b4310760', 'path': 'media/videos/video.0_14_92ee189365dd080ba125.mp4'}",5.624722480773926,2.5,0,,60.8,,,{'runtime': 5142},1670491148.5465956,38.77777777777778,,5.2511476678773764e-05,-0.021845456212759014,,5393,5142,1001472,0.046256,0.0002,,
70,MicrortsMining24x24F9-v0__Penalty__1__1670479681,True,True,1,0.99,cuda:0,MicrortsMining24x24F9-v0,0.03,Penalty--0.1,False,True,True,10,10,0.0003,True,0.2,0.0003,True,0.015,2048,True,0.97,False,False,,orthogonal,True,0.5,10,0,256,False,1000000,5,invalid-action-masking,True,-0.1,1.853102207183838,0,0.0,"{'size': 34979, '_type': 'video-file', 'sha256': '840e616883fc86aff2318813b91ce22342a4364efd180ce4101c59ed4f44dc84', 'path': 'media/videos/video.0_14_840e616883fc86aff231.mp4'}",4.309316409489838e-06,0.0,0,,0.0,,,{'runtime': 6484},1670486170.4828434,1.0,,7.002009660936893e-05,-0.23822864890098572,,5393,6487,1001472,0.0,0.006944,,
71,MicrortsMining24x24F9-v0__Penalty__1__1670479458,True,True,1,0.99,cuda:1,MicrortsMining24x24F9-v0,0.03,Penalty--0.01,False,True,True,10,10,0.0003,True,0.2,0.0003,True,0.015,2048,True,0.97,False,False,,orthogonal,True,0.5,10,0,256,False,1000000,5,invalid-action-masking,True,-0.01,2.5575876235961914,0,1.4,"{'path': 'media/videos/video.0_14_16486fc3ddf819ef2de5.mp4', 'size': 35159, '_type': 'video-file', 'sha256': '16486fc3ddf819ef2de5df45abc26c64d4c8bd07e66397cbc906a0cbcbbfd60a'}",0.009372266940772532,0.4,0,,186.7,,,{'runtime': 6523},1670485984.177988,1.0,,3.389316261745989e-05,-0.042568281292915344,,5393,6524,1001472,0.0,0.02128,,
72,MicrortsMining16x16F9-v0__Penalty__1__1670474459,True,True,1,0.99,cuda:0,MicrortsMining16x16F9-v0,0.02,Penalty--0.1,False,True,True,10,10,0.0003,True,0.2,0.0003,True,0.015,2048,True,0.97,False,False,,orthogonal,True,0.5,10,0,256,False,1000000,5,invalid-action-masking,True,-0.1,1.8225746154785156,0,0.0,"{'path': 'media/videos/video.0_14_0c039f379fe938190787.mp4', 'size': 29926, '_type': 'video-file', 'sha256': '0c039f379fe9381907874a3dbb95295fabaec9efafd997620ff68fcedfa61919'}",3.861534878524253e-07,0.0,0,,0.0,,,{'runtime': 5201},1670479661.6806054,1.0,,3.3056538086384533e-06,-0.1260838508605957,,5393,5201,1001472,0.0,0.017784,,
73,MicrortsMining16x16F9-v0__Penalty__1__1670474256,True,True,1,0.99,cuda:1,MicrortsMining16x16F9-v0,0.02,Penalty--0.01,False,True,True,10,10,0.0003,True,0.2,0.0003,True,0.015,2048,True,0.97,False,False,,orthogonal,True,0.5,10,0,256,False,1000000,5,invalid-action-masking,True,-0.01,2.005157470703125,0,2.4,"{'_type': 'video-file', 'sha256': '02889e605e2f4bb146b69180f1870f4571447d0c3bb6f9da450bc607cb8a56c5', 'path': 'media/videos/video.0_14_02889e605e2f4bb146b6.mp4', 'size': 40734}",2.9406533241271973,0.0,0,,122.7,,,{'runtime': 5181},1670479438.4470105,32.55555555555556,,4.7708163037896156e-05,-0.04688335955142975,,5393,5181,1001472,0.0,0.017584,,
74,MicrortsMining10x10F9-v0__Penalty__1__1670469253,True,True,1,0.99,cuda:0,MicrortsMining10x10F9-v0,0.015,Penalty--0.1,False,True,True,10,10,0.0003,True,0.2,0.0003,True,0.015,2048,True,0.97,False,False,,orthogonal,True,0.5,10,0,256,False,1000000,5,invalid-action-masking,True,-0.1,1.699592113494873,0,0.0,"{'_type': 'video-file', 'sha256': 'd69e7e5d406e5d045c35bacee8d9539a72b5927c012e731caa02362e09dcf47f', 'path': 'media/videos/video.0_14_d69e7e5d406e5d045c35.mp4', 'size': 26697}",5.770066309196409e-07,0.0,0,,0.0,,,{'runtime': 5182},1670474438.7455173,0.0,,1.2493517715483904e-05,-0.10831931233406068,,5393,5182,1001472,0.0,0.025576,,
75,MicrortsMining10x10F9-v0__Penalty__1__1670469216,True,True,1,0.99,cuda:1,MicrortsMining10x10F9-v0,0.015,Penalty--0.01,False,True,True,10,10,0.0003,True,0.2,0.0003,True,0.015,2048,True,0.97,False,False,,orthogonal,True,0.5,10,0,256,False,1000000,5,invalid-action-masking,True,-0.01,1.8314465284347536,0,4.1,"{'path': 'media/videos/video.0_14_09f0aef277bbb21111da.mp4', 'size': 37600, '_type': 'video-file', 'sha256': '09f0aef277bbb21111dac297db30874ebc5da40f78fa51ac288916a9bc4bdf92'}",3.607376337051392,0.4,0,,104.8,,,{'runtime': 5017},1670474235.898059,32.666666666666664,,8.806996629573405e-05,-0.08626590669155121,,5393,5017,1001472,0.102352,0.017784,,
76,MicrortsMining4x4F9-v0__Penalty__1__1670464309,True,True,1,0.99,cuda:0,MicrortsMining4x4F9-v0,0.01,Penalty--0.1,False,True,True,10,10,0.0003,True,0.2,0.0003,True,0.015,2048,True,0.97,False,False,,orthogonal,True,0.5,10,0,256,False,1000000,5,invalid-action-masking,True,-0.1,1.291973352432251,0,5.9,"{'path': 'media/videos/video.0_14_33bb3edf2c880a2cf252.mp4', 'size': 41415, '_type': 'video-file', 'sha256': '33bb3edf2c880a2cf252cfffb923c91acb8bde099cca9ac6867ae02af7d78d8c'}",6.425236701965332,0.0,0,,20.4,,,{'runtime': 4923},1670469234.627874,40.0,,-1.1655452544800937e-05,0.08784909546375275,,5393,4923,1001472,0.131672,0.0002,,
77,MicrortsMining4x4F9-v0__Penalty__1__1670464310,True,True,1,0.99,cuda:1,MicrortsMining4x4F9-v0,0.01,Penalty--0.01,False,True,True,10,10,0.0003,True,0.2,0.0003,True,0.015,2048,True,0.97,False,False,,orthogonal,True,0.5,10,0,256,False,1000000,5,invalid-action-masking,True,-0.01,1.384080171585083,0,17.8,"{'path': 'media/videos/video.0_14_69e168e4582fd105aeb6.mp4', 'size': 40444, '_type': 'video-file', 'sha256': '69e168e4582fd105aeb6be7e8f2005c222d14fae2267fec8731310d1b83ff50d'}",6.37777042388916,1.6,0,,55.8,,,{'runtime': 4884},1670469195.6411192,39.22222222222222,,2.2641429677605628e-05,0.07594618946313858,,5393,4883,1001472,0.055896,0.0002,,
78,MicrortsMining4x4F9-v0__Off-PIAM__1__1670464309,True,True,1,0.99,cpu,MicrortsMining4x4F9-v0,0.01,Off-PIAM,False,True,True,10,10,0.0003,True,0.2,0.0003,True,0.015,2048,True,0.97,False,False,,orthogonal,True,0.5,10,0,256,False,1000000,5,invalid-action-masking,True,,1.061227321624756,0,0.0,"{'sha256': '84ec55881571bfefb92cccedab2e9724d84004399d6cfb9156af052d30444878', 'path': 'media/videos/video.0_19_84ec55881571bfefb92c.mp4', 'size': 42266, '_type': 'video-file'}",5.1378045082092285,27.0,0,39.900001525878906,0.0,9.440000057220459,0.9100000202655792,{'runtime': 16119},1670480429.286431,39.9,399.0,0.012510103546082974,-0.002868451178073883,21.910000038146972,5398,16118,1001472,0.04096,0.0002,0.06144,0.0002
79,MicrortsMining4x4F9-v0__On-PIAM__1__1670464309,True,True,1,0.99,cpu,MicrortsMining4x4F9-v0,0.01,On-PIAM,False,True,True,10,10,0.0003,True,0.2,0.0003,True,0.015,2048,True,0.97,False,False,,orthogonal,True,0.5,10,0,256,False,1000000,5,invalid-action-masking,True,,1.0427470207214355,0,0.0,"{'size': 40079, '_type': 'video-file', 'sha256': '80e19596f2ef422c902f27617bdc69f10acd06ac34707698a93eb49f31111e90', 'path': 'media/videos/video.0_19_80e19596f2ef422c902f.mp4'}",5.897604942321777,16.4,0,15.600000381469727,0.0,42.20999946594238,121.83000030517579,{'runtime': 14893},1670479203.2361844,37.7,402.0,1.5518439499828674e-05,0.05251630395650864,0.0,5398,14892,1001472,0.036416,0.0002,0.0,0.0002
